Name,Type,cComponentTypeName,cControlTypeName / cDataTypeName,cUniqueIDName,cUnits,lEMSActuated,Value,FileName,Line
+ cAlphaArgs(1)),Actuator,Zone Ventilation,Air Exchange Flow Rate,Ventilation(Loop).Name,[m3/s],Ventilation(Loop).EMSSimpleVentOn,Ventilation(Loop).EMSimpleVentFlowRate,HeatBalanceAirManager.cc,1587
+ cAlphaArgs(1)),Actuator,Zone Ventilation,Air Exchange Flow Rate,Ventilation(VentiCount).Name,[m3/s],Ventilation(VentiCount).EMSSimpleVentOn,Ventilation(VentiCount).EMSimpleVentFlowRate,HeatBalanceAirManager.cc,1926
+ cAlphaArgs(1)),Actuator,ZoneMixing,Air Exchange Flow Rate,Mixing(Loop).Name,[m3/s],Mixing(Loop).EMSSimpleMixingOn,Mixing(Loop).EMSimpleMixingFlowRate,HeatBalanceAirManager.cc,2218
+ cAlphaArgs(1)),Actuator,ZoneCrossMixing,Air Exchange Flow Rate,CrossMixing(Loop).Name,[m3/s],CrossMixing(Loop).EMSSimpleMixingOn,CrossMixing(Loop).EMSimpleMixingFlowRate,HeatBalanceAirManager.cc,2616
AirTerminal:SingleDuct:Mixer,Actuator,AirLoopHVAC:UnitarySystem,Autosized Supply Air Flow Rate,UnitarySystem(UnitarySysNum).Name,[m3/s],UnitarySystem(UnitarySysNum).DesignFanVolFlowRateEMSOverrideOn,UnitarySystem(UnitarySysNum).DesignFanVolFlowRateEMSOverrideValue,HVACUnitarySystem.cc,7047
AirTerminal:SingleDuct:Mixer,Actuator,AirLoopHVAC:UnitarySystem,Autosized Supply Air Flow Rate During Cooling Operation,UnitarySystem(UnitarySysNum).Name,[m3/s],UnitarySystem(UnitarySysNum).MaxCoolAirVolFlowEMSOverrideOn,UnitarySystem(UnitarySysNum).MaxCoolAirVolFlowEMSOverrideValue,HVACUnitarySystem.cc,7050
AirTerminal:SingleDuct:Mixer,Actuator,AirLoopHVAC:UnitarySystem,Autosized Supply Air Flow Rate During Heating Operation,UnitarySystem(UnitarySysNum).Name,[m3/s],UnitarySystem(UnitarySysNum).MaxHeatAirVolFlowEMSOverrideOn,UnitarySystem(UnitarySysNum).MaxHeatAirVolFlowEMSOverrideValue,HVACUnitarySystem.cc,7054
AirTerminal:SingleDuct:Mixer,Actuator,AirLoopHVAC:UnitarySystem,Autosized Supply Air Flow Rate During No Heating or Cooling Operation,UnitarySystem(UnitarySysNum).Name,[m3/s],UnitarySystem(UnitarySysNum).MaxNoCoolHeatAirVolFlowEMSOverrideOn,UnitarySystem(UnitarySysNum).MaxNoCoolHeatAirVolFlowEMSOverrideValue,HVACUnitarySystem.cc,7058
AirTerminal:SingleDuct:Mixer,Actuator,Unitary HVAC,Sensible Load Request,UnitarySystem(UnitarySysNum).Name,[W],UnitarySystem(UnitarySysNum).EMSOverrideSensZoneLoadRequest,UnitarySystem(UnitarySysNum).EMSSensibleZoneLoadValue,HVACUnitarySystem.cc,7073
AirTerminal:SingleDuct:Mixer,Actuator,Unitary HVAC,Moisture Load Request,UnitarySystem(UnitarySysNum).Name,[W],UnitarySystem(UnitarySysNum).EMSOverrideMoistZoneLoadRequest,UnitarySystem(UnitarySysNum).EMSMoistureZoneLoadValue,HVACUnitarySystem.cc,7076
AirTerminal:SingleDuct:Mixer,InternalVariable,,Unitary System Control Zone Mass Flow Fraction,UnitarySystem(UnitarySysNum).Name,[],,UnitarySystem(UnitarySysNum).ControlZoneMassFlowFrac,HVACUnitarySystem.cc,7063
AirTerminal:SingleDuct:Mixer,InternalVariable,,Unitary HVAC Design Heating Capacity,UnitarySystem(UnitarySysNum).Name,[W],,UnitarySystem(UnitarySysNum).DesignHeatingCapacity,HVACUnitarySystem.cc,7069
AirTerminal:SingleDuct:Mixer,InternalVariable,,Unitary HVAC Design Cooling Capacity,UnitarySystem(UnitarySysNum).Name,[W],,UnitarySystem(UnitarySysNum).DesignCoolingCapacity,HVACUnitarySystem.cc,7071
AirTerminal:SingleDuct:ParallelPIU:Reheat,Actuator,Coil:Cooling:DX:SingleSpeed,Autosized Rated Air Flow Rate,DXCoil(DXCoilNum).Name,[m3/s],DXCoil(DXCoilNum).RatedAirVolFlowRateEMSOverrideON(1),DXCoil(DXCoilNum).RatedAirVolFlowRateEMSOverrideValue(1),DXCoils.cc,5475
AirTerminal:SingleDuct:ParallelPIU:Reheat,Actuator,Coil:Cooling:DX:SingleSpeed,Autosized Rated Sensible Heat Ratio,DXCoil(DXCoilNum).Name,[W/W],DXCoil(DXCoilNum).RatedSHREMSOverrideOn(1),DXCoil(DXCoilNum).RatedSHREMSOverrideValue(1),DXCoils.cc,5478
AirTerminal:SingleDuct:ParallelPIU:Reheat,Actuator,Coil:Cooling:DX:SingleSpeed,Autosized Rated Total Cooling Capacity,DXCoil(DXCoilNum).Name,[W],DXCoil(DXCoilNum).RatedTotCapEMSOverrideOn(1),DXCoil(DXCoilNum).RatedTotCapEMSOverrideValue(1),DXCoils.cc,5481
AirTerminal:SingleDuct:Uncontrolled,Actuator,AirTerminal:SingleDuct:Uncontrolled,Mass Flow Rate,DirectAir(Loop).EquipID,[kg/s],DirectAir(Loop).EMSOverrideAirFlow,DirectAir(Loop).EMSMassFlowRateValue,DirectAirManager.cc,402
AirTerminal:SingleDuct:Uncontrolled,InternalVariable,,AirTerminal:SingleDuct:Uncontrolled Maximum Mass Flow Rate,DirectAir(Loop).EquipID,[kg/s],,DirectAir(Loop).AirMassFlowRateMax,DirectAirManager.cc,404
AirTerminal:SingleDuct:UserDefined,Actuator,Primary Air Connection,Inlet Mass Flow Rate,UserAirTerminal(CompLoop).Name,[kg/s],lDummy,UserAirTerminal(CompLoop).AirLoop.InletMassFlowRate,UserDefinedComponents.cc,1298
AirTerminal:SingleDuct:UserDefined,Actuator,Primary Air Connection,Outlet Temperature,UserAirTerminal(CompLoop).Name,[C],lDummy,UserAirTerminal(CompLoop).AirLoop.OutletTemp,UserDefinedComponents.cc,1303
AirTerminal:SingleDuct:UserDefined,Actuator,Primary Air Connection,Outlet Humidity Ratio,UserAirTerminal(CompLoop).Name,[kgWater/kgDryAir],lDummy,UserAirTerminal(CompLoop).AirLoop.OutletHumRat,UserDefinedComponents.cc,1305
AirTerminal:SingleDuct:UserDefined,Actuator,Primary Air Connection,Outlet Mass Flow Rate,UserAirTerminal(CompLoop).Name,[kg/s],lDummy,UserAirTerminal(CompLoop).AirLoop.OutletMassFlowRate,UserDefinedComponents.cc,1307
AirTerminal:SingleDuct:UserDefined,Actuator,Secondary Air Connection,Inlet Mass Flow Rate,UserAirTerminal(CompLoop).Name,[kg/s],lDummy,UserAirTerminal(CompLoop).SourceAir.InletMassFlowRate,UserDefinedComponents.cc,1361
AirTerminal:SingleDuct:UserDefined,Actuator,Secondary Air Connection,Outlet Temperature,UserAirTerminal(CompLoop).Name,[C],lDummy,UserAirTerminal(CompLoop).SourceAir.OutletTemp,UserDefinedComponents.cc,1369
AirTerminal:SingleDuct:UserDefined,Actuator,Secondary Air Connection,Outlet Humidity Ratio,UserAirTerminal(CompLoop).Name,[kgWater/kgDryAir],lDummy,UserAirTerminal(CompLoop).SourceAir.OutletHumRat,UserDefinedComponents.cc,1371
AirTerminal:SingleDuct:UserDefined,Actuator,Secondary Air Connection,Mass Flow Rate,UserAirTerminal(CompLoop).Name,[kg/s],lDummy,UserAirTerminal(CompLoop).SourceAir.OutletMassFlowRate,UserDefinedComponents.cc,1373
AirTerminal:SingleDuct:UserDefined,Actuator,Plant Connection  + LoopStr,Outlet Temperature,UserAirTerminal(CompLoop).Name,[C],lDummy,UserAirTerminal(CompLoop).Loop(ConnectionLoop).OutletTemp,UserDefinedComponents.cc,1408
AirTerminal:SingleDuct:UserDefined,Actuator,Plant Connection  + LoopStr,Mass Flow Rate,UserAirTerminal(CompLoop).Name,[kg/s],lDummy,UserAirTerminal(CompLoop).Loop(ConnectionLoop).MassFlowRateRequest,UserDefinedComponents.cc,1410
AirTerminal:SingleDuct:UserDefined,Actuator,Plant Connection  + LoopStr,Minimum Mass Flow Rate,UserAirTerminal(CompLoop).Name,[kg/s],lDummy,UserAirTerminal(CompLoop).Loop(ConnectionLoop).MassFlowRateMin,UserDefinedComponents.cc,1413
AirTerminal:SingleDuct:UserDefined,Actuator,Plant Connection  + LoopStr,Maximum Mass Flow Rate,UserAirTerminal(CompLoop).Name,[kg/s],lDummy,UserAirTerminal(CompLoop).Loop(ConnectionLoop).MassFlowRateMax,UserDefinedComponents.cc,1415
AirTerminal:SingleDuct:UserDefined,Actuator,Plant Connection  + LoopStr,Design Volume Flow Rate,UserAirTerminal(CompLoop).Name,[m3/s],lDummy,UserAirTerminal(CompLoop).Loop(ConnectionLoop).DesignVolumeFlowRate,UserDefinedComponents.cc,1417
AirTerminal:SingleDuct:UserDefined,Actuator,Water System,Supplied Volume Flow Rate,UserAirTerminal(CompLoop).Name,[m3/s],lDummy,UserAirTerminal(CompLoop).Water.SupplyVdotRequest,UserDefinedComponents.cc,1427
AirTerminal:SingleDuct:UserDefined,Actuator,Water System,Collected Volume Flow Rate,UserAirTerminal(CompLoop).Name,[m3/s],lDummy,UserAirTerminal(CompLoop).Water.CollectedVdot,UserDefinedComponents.cc,1436
AirTerminal:SingleDuct:UserDefined,Actuator,Component Zone Internal Gain,Sensible Heat Gain Rate,UserAirTerminal(CompLoop).Name,[W],lDummy,UserAirTerminal(CompLoop).Zone.ConvectionGainRate,UserDefinedComponents.cc,1455
AirTerminal:SingleDuct:UserDefined,Actuator,Component Zone Internal Gain,Return Air Heat Sensible Gain Rate,UserAirTerminal(CompLoop).Name,[W],lDummy,UserZoneAirHVAC(CompLoop).Zone.ReturnAirConvectionGainRate,UserDefinedComponents.cc,1457
AirTerminal:SingleDuct:UserDefined,Actuator,Component Zone Internal Gain,Thermal Radiation Heat Gain Rate,UserAirTerminal(CompLoop).Name,[W],lDummy,UserAirTerminal(CompLoop).Zone.ThermalRadiationGainRate,UserDefinedComponents.cc,1459
AirTerminal:SingleDuct:UserDefined,Actuator,Component Zone Internal Gain,Latent Heat Gain Rate,UserAirTerminal(CompLoop).Name,[W],lDummy,UserAirTerminal(CompLoop).Zone.LatentGainRate,UserDefinedComponents.cc,1461
AirTerminal:SingleDuct:UserDefined,Actuator,Component Zone Internal Gain,Return Air Latent Heat Gain Rate,UserAirTerminal(CompLoop).Name,[W],lDummy,UserAirTerminal(CompLoop).Zone.ReturnAirLatentGainRate,UserDefinedComponents.cc,1463
AirTerminal:SingleDuct:UserDefined,Actuator,Component Zone Internal Gain,Carbon Dioxide Gain Rate,UserAirTerminal(CompLoop).Name,[W],lDummy,UserAirTerminal(CompLoop).Zone.CarbonDioxideGainRate,UserDefinedComponents.cc,1465
AirTerminal:SingleDuct:UserDefined,Actuator,Component Zone Internal Gain,Gaseous Contaminant Gain Rate,UserAirTerminal(CompLoop).Name,[W],lDummy,UserAirTerminal(CompLoop).Zone.GenericContamGainRate,UserDefinedComponents.cc,1467
AirTerminal:SingleDuct:UserDefined,InternalVariable,,Inlet Temperature for Primary Air Connection,UserAirTerminal(CompLoop).Name,[C],,UserAirTerminal(CompLoop).AirLoop.InletTemp,UserDefinedComponents.cc,1280
AirTerminal:SingleDuct:UserDefined,InternalVariable,,Inlet Humidity Ratio for Primary Air Connection,UserAirTerminal(CompLoop).Name,[kgWater/kgDryAir],,UserAirTerminal(CompLoop).AirLoop.InletHumRat,UserDefinedComponents.cc,1282
AirTerminal:SingleDuct:UserDefined,InternalVariable,,Inlet Density for Primary Air Connection,UserAirTerminal(CompLoop).Name,[kg/m3],,UserAirTerminal(CompLoop).AirLoop.InletRho,UserDefinedComponents.cc,1284
AirTerminal:SingleDuct:UserDefined,InternalVariable,,Inlet Specific Heat for Primary Air Connection,UserAirTerminal(CompLoop).Name,[J/kg-C],,UserAirTerminal(CompLoop).AirLoop.InletCp,UserDefinedComponents.cc,1286
AirTerminal:SingleDuct:UserDefined,InternalVariable,,Remaining Sensible Load to Heating Setpoint,UserAirTerminal(CompLoop).Name,[W],,UserAirTerminal(CompLoop).RemainingOutputToHeatingSP,UserDefinedComponents.cc,1289
AirTerminal:SingleDuct:UserDefined,InternalVariable,,Remaining Sensible Load to Cooling Setpoint,UserAirTerminal(CompLoop).Name,[W],,UserAirTerminal(CompLoop).RemainingOutputToCoolingSP,UserDefinedComponents.cc,1291
AirTerminal:SingleDuct:UserDefined,InternalVariable,,Remaining Latent Load to Humidifying Setpoint,UserAirTerminal(CompLoop).Name,[kg/s],,UserAirTerminal(CompLoop).RemainingOutputReqToHumidSP,UserDefinedComponents.cc,1293
AirTerminal:SingleDuct:UserDefined,InternalVariable,,Remaining Latent Load to Dehumidifying Setpoint,UserAirTerminal(CompLoop).Name,[kg/s],,UserAirTerminal(CompLoop).RemainingOutputReqToDehumidSP,UserDefinedComponents.cc,1295
AirTerminal:SingleDuct:UserDefined,InternalVariable,,Inlet Temperature for Secondary Air Connection,UserAirTerminal(CompLoop).Name,[C],,UserAirTerminal(CompLoop).SourceAir.InletTemp,UserDefinedComponents.cc,1352
AirTerminal:SingleDuct:UserDefined,InternalVariable,,Inlet Humidity Ratio for Secondary Air Connection,UserAirTerminal(CompLoop).Name,[kgWater/kgDryAir],,UserAirTerminal(CompLoop).SourceAir.InletHumRat,UserDefinedComponents.cc,1355
AirTerminal:SingleDuct:UserDefined,InternalVariable,,Inlet Density for Secondary Air Connection,UserAirTerminal(CompLoop).Name,[kg/m3],,UserAirTerminal(CompLoop).SourceAir.InletRho,UserDefinedComponents.cc,1357
AirTerminal:SingleDuct:UserDefined,InternalVariable,,Inlet Specific Heat for Secondary Air Connection,UserAirTerminal(CompLoop).Name,[J/kg-C],,UserAirTerminal(CompLoop).SourceAir.InletCp,UserDefinedComponents.cc,1359
AirTerminal:SingleDuct:UserDefined,InternalVariable,,Inlet Temperature for Plant Connection  + LoopStr,UserAirTerminal(CompLoop).Name,[C],,UserAirTerminal(CompLoop).Loop(ConnectionLoop).InletTemp,UserDefinedComponents.cc,1399
AirTerminal:SingleDuct:UserDefined,InternalVariable,,Inlet Mass Flow Rate for Plant Connection  + LoopStr,UserAirTerminal(CompLoop).Name,[kg/s],,UserAirTerminal(CompLoop).Loop(ConnectionLoop).InletMassFlowRate,UserDefinedComponents.cc,1401
AirTerminal:SingleDuct:UserDefined,InternalVariable,,Inlet Density for Plant Connection  + LoopStr,UserAirTerminal(CompLoop).Name,[kg/m3],,UserAirTerminal(CompLoop).Loop(ConnectionLoop).InletRho,UserDefinedComponents.cc,1403
AirTerminal:SingleDuct:UserDefined,InternalVariable,,Inlet Specific Heat for Plant Connection  + LoopStr,UserAirTerminal(CompLoop).Name,[J/kg-C],,UserAirTerminal(CompLoop).Loop(ConnectionLoop).InletCp,UserDefinedComponents.cc,1405
Boiler:HotWater,InternalVariable,,Boiler Nominal Capacity,Boiler(BoilerNum).Name,[W],,Boiler(BoilerNum).NomCap,Boilers.cc,550
Chiller:Absorption:Indirect,InternalVariable,,Chiller Nominal Capacity,IndirectAbsorber(AbsorberNum).Name,[W],,IndirectAbsorber(AbsorberNum).NomCap,ChillerIndirectAbsorption.cc,675
Chiller:CombustionTurbine,InternalVariable,,Chiller Nominal Capacity,GTChiller(ChillerNum).Base.Name,[W],,GTChiller(ChillerNum).Base.NomCap,PlantChillers.cc,1999
Chiller:ConstantCOP,InternalVariable,,Chiller Nominal Capacity,ConstCOPChiller(ChillerNum).Base.Name,[W],,ConstCOPChiller(ChillerNum).Base.NomCap,PlantChillers.cc,2290
Chiller:Electric,InternalVariable,,Chiller Nominal Capacity,ElectricChiller(ChillerNum).Base.Name,[W],,ElectricChiller(ChillerNum).Base.NomCap,PlantChillers.cc,1012
Chiller:Electric:EIR,InternalVariable,,Chiller Nominal Capacity,ElectricEIRChiller(EIRChillerNum).Name,[W],,ElectricEIRChiller(EIRChillerNum).RefCap,ChillerElectricEIR.cc,896
Chiller:Electric:ReformulatedEIR,InternalVariable,,Chiller Nominal Capacity,ElecReformEIRChiller(EIRChillerNum).Name,[W],,ElecReformEIRChiller(EIRChillerNum).RefCap,ChillerReformulatedEIR.cc,720
Chiller:EngineDriven,InternalVariable,,Chiller Nominal Capacity,EngineDrivenChiller(ChillerNum).Base.Name,[W],,EngineDrivenChiller(ChillerNum).Base.NomCap,PlantChillers.cc,1532
Coil:Cooling:DX:SingleSpeed:ThermalStorage,Actuator,Coil:Cooling:DX:SingleSpeed:ThermalStorage,Operating Mode,TESCoil(item).Name,[ ],TESCoil(item).EMSControlModeOn,TESCoil(item).EMSControlModeValue,PackagedThermalStorageCoil.cc,1926
Coil:UserDefined,Actuator,Air Connection  + LoopStr,Outlet Temperature,UserCoil(CompLoop).Name,[C],lDummy,UserCoil(CompLoop).Air(ConnectionLoop).OutletTemp,UserDefinedComponents.cc,917
Coil:UserDefined,Actuator,Air Connection  + LoopStr,Outlet Humidity Ratio,UserCoil(CompLoop).Name,[kgWater/kgDryAir],lDummy,UserCoil(CompLoop).Air(ConnectionLoop).OutletHumRat,UserDefinedComponents.cc,919
Coil:UserDefined,Actuator,Air Connection  + LoopStr,Mass Flow Rate,UserCoil(CompLoop).Name,[kg/s],lDummy,UserCoil(CompLoop).Air(ConnectionLoop).OutletMassFlowRate,UserDefinedComponents.cc,921
Coil:UserDefined,Actuator,Plant Connection,Outlet Temperature,UserCoil(CompLoop).Name,[C],lDummy,UserCoil(CompLoop).Loop.OutletTemp,UserDefinedComponents.cc,966
Coil:UserDefined,Actuator,Plant Connection,Mass Flow Rate,UserCoil(CompLoop).Name,[kg/s],lDummy,UserCoil(CompLoop).Loop.MassFlowRateRequest,UserDefinedComponents.cc,968
Coil:UserDefined,Actuator,Plant Connection,Design Volume Flow Rate,UserCoil(CompLoop).Name,[m3/s],lDummy,UserCoil(CompLoop).Loop.DesignVolumeFlowRate,UserDefinedComponents.cc,971
Coil:UserDefined,Actuator,Plant Connection,Minimum Mass Flow Rate,UserCoil(CompLoop).Name,[kg/s],lDummy,UserCoil(CompLoop).Loop.MassFlowRateMin,UserDefinedComponents.cc,974
Coil:UserDefined,Actuator,Plant Connection,Maximum Mass Flow Rate,UserCoil(CompLoop).Name,[kg/s],lDummy,UserCoil(CompLoop).Loop.MassFlowRateMax,UserDefinedComponents.cc,976
Coil:UserDefined,Actuator,Water System,Supplied Volume Flow Rate,UserCoil(CompLoop).Name,[m3/s],lDummy,UserCoil(CompLoop).Water.SupplyVdotRequest,UserDefinedComponents.cc,985
Coil:UserDefined,Actuator,Water System,Collected Volume Flow Rate,UserCoil(CompLoop).Name,[m3/s],lDummy,UserCoil(CompLoop).Water.CollectedVdot,UserDefinedComponents.cc,993
Coil:UserDefined,Actuator,Component Zone Internal Gain,Sensible Heat Gain Rate,UserCoil(CompLoop).Name,[W],lDummy,UserCoil(CompLoop).Zone.ConvectionGainRate,UserDefinedComponents.cc,1011
Coil:UserDefined,Actuator,Component Zone Internal Gain,Return Air Heat Sensible Gain Rate,UserCoil(CompLoop).Name,[W],lDummy,UserCoil(CompLoop).Zone.ReturnAirConvectionGainRate,UserDefinedComponents.cc,1013
Coil:UserDefined,Actuator,Component Zone Internal Gain,Thermal Radiation Heat Gain Rate,UserCoil(CompLoop).Name,[W],lDummy,UserCoil(CompLoop).Zone.ThermalRadiationGainRate,UserDefinedComponents.cc,1015
Coil:UserDefined,Actuator,Component Zone Internal Gain,Latent Heat Gain Rate,UserCoil(CompLoop).Name,[W],lDummy,UserCoil(CompLoop).Zone.LatentGainRate,UserDefinedComponents.cc,1017
Coil:UserDefined,Actuator,Component Zone Internal Gain,Return Air Latent Heat Gain Rate,UserCoil(CompLoop).Name,[W],lDummy,UserCoil(CompLoop).Zone.ReturnAirLatentGainRate,UserDefinedComponents.cc,1019
Coil:UserDefined,Actuator,Component Zone Internal Gain,Carbon Dioxide Gain Rate,UserCoil(CompLoop).Name,[W],lDummy,UserCoil(CompLoop).Zone.CarbonDioxideGainRate,UserDefinedComponents.cc,1021
Coil:UserDefined,Actuator,Component Zone Internal Gain,Gaseous Contaminant Gain Rate,UserCoil(CompLoop).Name,[W],lDummy,UserCoil(CompLoop).Zone.GenericContamGainRate,UserDefinedComponents.cc,1023
Coil:UserDefined,InternalVariable,,Inlet Temperature for Air Connection  + LoopStr,UserCoil(CompLoop).Name,[C],,UserCoil(CompLoop).Air(ConnectionLoop).InletTemp,UserDefinedComponents.cc,903
Coil:UserDefined,InternalVariable,,Inlet Mass Flow Rate for Air Connection  + LoopStr,UserCoil(CompLoop).Name,[kg/s],,UserCoil(CompLoop).Air(ConnectionLoop).InletMassFlowRate,UserDefinedComponents.cc,905
Coil:UserDefined,InternalVariable,,Inlet Humidity Ratio for Air Connection  + LoopStr,UserCoil(CompLoop).Name,[kgWater/kgDryAir],,UserCoil(CompLoop).Air(ConnectionLoop).InletHumRat,UserDefinedComponents.cc,907
Coil:UserDefined,InternalVariable,,Inlet Density for Air Connection  + LoopStr,UserCoil(CompLoop).Name,[kg/m3],,UserCoil(CompLoop).Air(ConnectionLoop).InletRho,UserDefinedComponents.cc,909
Coil:UserDefined,InternalVariable,,Inlet Specific Heat for Air Connection  + LoopStr,UserCoil(CompLoop).Name,[J/kg-C],,UserCoil(CompLoop).Air(ConnectionLoop).InletCp,UserDefinedComponents.cc,911
Coil:UserDefined,InternalVariable,,Inlet Temperature for Plant Connection,UserCoil(CompLoop).Name,[C],,UserCoil(CompLoop).Loop.InletTemp,UserDefinedComponents.cc,957
Coil:UserDefined,InternalVariable,,Inlet Mass Flow Rate for Plant Connection,UserCoil(CompLoop).Name,[kg/s],,UserCoil(CompLoop).Loop.InletMassFlowRate,UserDefinedComponents.cc,959
Coil:UserDefined,InternalVariable,,Inlet Density for Plant Connection,UserCoil(CompLoop).Name,[kg/m3],,UserCoil(CompLoop).Loop.InletRho,UserDefinedComponents.cc,961
Coil:UserDefined,InternalVariable,,Inlet Specific Heat for Plant Connection,UserCoil(CompLoop).Name,[J/kg-C],,UserCoil(CompLoop).Loop.InletCp,UserDefinedComponents.cc,963
ComfortViewFactorAngles,Actuator,Outdoor Air Controller,Air Mass Flow Rate,loopOAController.Name,[kg/s],loopOAController.EMSOverrideOARate,loopOAController.EMSOARateValue,MixedAir.cc,3046
ComfortViewFactorAngles,InternalVariable,,Outdoor Air Controller Maximum Mass Flow Rate,loopOAController.Name,[kg/s],,loopOAController.MaxOAMassFlowRate,MixedAir.cc,3042
ComfortViewFactorAngles,InternalVariable,,Outdoor Air Controller Minimum Mass Flow Rate,loopOAController.Name,[kg/s],,loopOAController.MinOAMassFlowRate,MixedAir.cc,3044
DistrictCooling,Actuator,Window Air Conditioner,Part Load Ratio,WindAC(WindACNum).Name,[fraction],WindAC(WindACNum).EMSOverridePartLoadFrac,WindAC(WindACNum).EMSValueForPartLoadFrac,WindowAC.cc,722
DistrictCooling,Actuator,Curve,Curve Result,PerfCurve(CurveIndex).Name,[unknown],PerfCurve(CurveIndex).EMSOverrideOn,PerfCurve(CurveIndex).EMSOverrideCurveValue,CurveManager.cc,3051
DistrictCooling,Actuator,Curve,Curve Result,PressureCurve(CurveIndex).Name,[unknown],PressureCurve(CurveIndex).EMSOverrideOn,PressureCurve(CurveIndex).EMSOverrideCurveValue,CurveManager.cc,3057
Exterior:Lights,Actuator,ExteriorLights,Electric Power,ExteriorLights(Item).Name,W,ExteriorLights(Item).PowerActuatorOn,ExteriorLights(Item).PowerActuatorValue,ExteriorEnergyUse.cc,272
Exterior:WaterEquipment,Actuator,AirFlow Network Window/Door Opening,Venting Opening Factor,MultizoneSurfaceData(i).SurfName,[Fraction],MultizoneSurfaceData(i).EMSOpenFactorActuated,MultizoneSurfaceData(i).EMSOpenFactor,AirflowNetworkBalanceManager.cc,4692
Fan:ComponentModel,Actuator,Fan,Fan Air Mass Flow Rate,Fan(FanNum).FanName,[kg/s],Fan(FanNum).EMSMaxMassFlowOverrideOn,Fan(FanNum).EMSAirMassFlowValue,Fans.cc,900
Fan:ComponentModel,Actuator,Fan,Fan Pressure Rise,Fan(FanNum).FanName,[Pa],Fan(FanNum).EMSFanPressureOverrideOn,Fan(FanNum).EMSFanPressureValue,Fans.cc,903
Fan:ComponentModel,Actuator,Fan,Fan Total Efficiency,Fan(FanNum).FanName,[fraction],Fan(FanNum).EMSFanEffOverrideOn,Fan(FanNum).EMSFanEffValue,Fans.cc,906
Fan:ComponentModel,Actuator,Fan,Fan Autosized Air Flow Rate,Fan(FanNum).FanName,[m3/s],Fan(FanNum).MaxAirFlowRateEMSOverrideOn,Fan(FanNum).MaxAirFlowRateEMSOverrideValue,Fans.cc,909
Fan:ComponentModel,InternalVariable,,Fan Maximum Mass Flow Rate,Fan(FanNum).FanName,[kg/s],,Fan(FanNum).MaxAirMassFlowRate,Fans.cc,899
Fan:ComponentModel,InternalVariable,,Fan Nominal Pressure Rise,Fan(FanNum).FanName,[Pa],,Fan(FanNum).DeltaPress,Fans.cc,902
Fan:ComponentModel,InternalVariable,,Fan Nominal Total Efficiency,Fan(FanNum).FanName,[fraction],,Fan(FanNum).FanEff,Fans.cc,905
HeatExchanger:Desiccant:BalancedFlow:PerformanceDataType1,Actuator,Sizing:System,Main Supply Volume Flow Rate,FinalSysSizing(AirLoopNum).AirPriLoopName,[m3/s],FinalSysSizing(AirLoopNum).EMSOverrideDesMainVolFlowOn,FinalSysSizing(AirLoopNum).EMSValueDesMainVolFlow,SimAirServingZones.cc,4320
HeatExchanger:Desiccant:BalancedFlow:PerformanceDataType1,Actuator,Sizing:System,Main Supply Coincident Peak Cooling Mass Flow Rate,FinalSysSizing(AirLoopNum).AirPriLoopName,[kg/s],FinalSysSizing(AirLoopNum).EMSOverrideCoinCoolMassFlowOn,FinalSysSizing(AirLoopNum).EMSValueCoinCoolMassFlow,SimAirServingZones.cc,4325
HeatExchanger:Desiccant:BalancedFlow:PerformanceDataType1,Actuator,Sizing:System,Main Supply Coincident Peak Heating Mass Flow Rate,FinalSysSizing(AirLoopNum).AirPriLoopName,[kg/s],FinalSysSizing(AirLoopNum).EMSOverrideCoinHeatMassFlowOn,FinalSysSizing(AirLoopNum).EMSValueCoinHeatMassFlow,SimAirServingZones.cc,4331
HeatExchanger:Desiccant:BalancedFlow:PerformanceDataType1,Actuator,Sizing:System,Main Supply Noncoincident Peak Cooling Mass Flow Rate,FinalSysSizing(AirLoopNum).AirPriLoopName,[kg/s],FinalSysSizing(AirLoopNum).EMSOverrideNonCoinCoolMassFlowOn,FinalSysSizing(AirLoopNum).EMSValueNonCoinCoolMassFlow,SimAirServingZones.cc,4337
HeatExchanger:Desiccant:BalancedFlow:PerformanceDataType1,Actuator,Sizing:System,Main Supply Noncoincident Peak Heating Mass Flow Rate,FinalSysSizing(AirLoopNum).AirPriLoopName,[kg/s],FinalSysSizing(AirLoopNum).EMSOverrideNonCoinHeatMassFlowOn,FinalSysSizing(AirLoopNum).EMSValueNonCoinHeatMassFlow,SimAirServingZones.cc,4342
HeatExchanger:Desiccant:BalancedFlow:PerformanceDataType1,Actuator,Sizing:System,Main Heating Volume Flow Rate,FinalSysSizing(AirLoopNum).AirPriLoopName,[m3/s],FinalSysSizing(AirLoopNum).EMSOverrideDesHeatVolFlowOn,FinalSysSizing(AirLoopNum).EMSValueDesHeatVolFlow,SimAirServingZones.cc,4348
HeatExchanger:Desiccant:BalancedFlow:PerformanceDataType1,Actuator,Sizing:System,Main Cooling Volume Flow Rate,FinalSysSizing(AirLoopNum).AirPriLoopName,[m3/s],FinalSysSizing(AirLoopNum).EMSOverrideDesCoolVolFlowOn,FinalSysSizing(AirLoopNum).EMSValueDesCoolVolFlow,SimAirServingZones.cc,4353
HeatExchanger:Desiccant:BalancedFlow:PerformanceDataType1,Actuator,People,Number of People,People(Loop).Name,[each],People(Loop).EMSPeopleOn,People(Loop).EMSNumberOfPeople,InternalHeatGains.cc,984
HeatExchanger:Desiccant:BalancedFlow:PerformanceDataType1,Actuator,Lights,Electric Power Level,Lights(Loop).Name,[W],Lights(Loop).EMSLightsOn,Lights(Loop).EMSLightingPower,InternalHeatGains.cc,1340
HeatExchanger:Desiccant:BalancedFlow:PerformanceDataType1,Actuator,ElectricEquipment,Electric Power Level,ZoneElectric(Loop).Name,[W],ZoneElectric(Loop).EMSZoneEquipOverrideOn,ZoneElectric(Loop).EMSEquipPower,InternalHeatGains.cc,1632
HeatExchanger:Desiccant:BalancedFlow:PerformanceDataType1,Actuator,GasEquipment,Gas Power Level,ZoneGas(Loop).Name,[W],ZoneGas(Loop).EMSZoneEquipOverrideOn,ZoneGas(Loop).EMSEquipPower,InternalHeatGains.cc,1914
HeatExchanger:Desiccant:BalancedFlow:PerformanceDataType1,Actuator,HotWaterEquipment,District Heating Power Level,ZoneHWEq(Loop).Name,[W],ZoneHWEq(Loop).EMSZoneEquipOverrideOn,ZoneHWEq(Loop).EMSEquipPower,InternalHeatGains.cc,2172
HeatExchanger:Desiccant:BalancedFlow:PerformanceDataType1,Actuator,SteamEquipment,District Heating Power Level,ZoneSteamEq(Loop).Name,[W],ZoneSteamEq(Loop).EMSZoneEquipOverrideOn,ZoneSteamEq(Loop).EMSEquipPower,InternalHeatGains.cc,2433
HeatExchanger:Desiccant:BalancedFlow:PerformanceDataType1,Actuator,OtherEquipment,Power Level,ZoneOtherEq(Loop).Name,[W],ZoneOtherEq(Loop).EMSZoneEquipOverrideOn,ZoneOtherEq(Loop).EMSEquipPower,InternalHeatGains.cc,2718
HeatExchanger:Desiccant:BalancedFlow:PerformanceDataType1,Actuator,ZoneBaseboard:OutdoorTemperatureControlled,Power Level,ZoneBBHeat(Loop).Name,[W],ZoneBBHeat(Loop).EMSZoneBaseboardOverrideOn,ZoneBBHeat(Loop).EMSZoneBaseboardPower,InternalHeatGains.cc,3309
HeatExchanger:Desiccant:BalancedFlow:PerformanceDataType1,InternalVariable,,Intermediate Air System Main Supply Volume Flow Rate,FinalSysSizing(AirLoopNum).AirPriLoopName,[m3/s],,FinalSysSizing(AirLoopNum).DesMainVolFlow,SimAirServingZones.cc,4318
HeatExchanger:Desiccant:BalancedFlow:PerformanceDataType1,InternalVariable,,Intermediate Air System Coincident Peak Cooling Mass Flow Rate,FinalSysSizing(AirLoopNum).AirPriLoopName,[kg/s],,FinalSysSizing(AirLoopNum).CoinCoolMassFlow,SimAirServingZones.cc,4323
HeatExchanger:Desiccant:BalancedFlow:PerformanceDataType1,InternalVariable,,Intermediate Air System Coincident Peak Heating Mass Flow Rate,FinalSysSizing(AirLoopNum).AirPriLoopName,[kg/s],,FinalSysSizing(AirLoopNum).CoinHeatMassFlow,SimAirServingZones.cc,4329
HeatExchanger:Desiccant:BalancedFlow:PerformanceDataType1,InternalVariable,,Intermediate Air System Noncoincident Peak Cooling Mass Flow Rate,FinalSysSizing(AirLoopNum).AirPriLoopName,[kg/s],,FinalSysSizing(AirLoopNum).NonCoinCoolMassFlow,SimAirServingZones.cc,4335
HeatExchanger:Desiccant:BalancedFlow:PerformanceDataType1,InternalVariable,,Intermediate Air System Noncoincident Peak Heating Mass Flow Rate,FinalSysSizing(AirLoopNum).AirPriLoopName,[kg/s],,FinalSysSizing(AirLoopNum).NonCoinHeatMassFlow,SimAirServingZones.cc,4340
HeatExchanger:Desiccant:BalancedFlow:PerformanceDataType1,InternalVariable,,Intermediate Air System Heating Volume Flow Rate,FinalSysSizing(AirLoopNum).AirPriLoopName,[m3/s],,FinalSysSizing(AirLoopNum).DesHeatVolFlow,SimAirServingZones.cc,4346
HeatExchanger:Desiccant:BalancedFlow:PerformanceDataType1,InternalVariable,,Intermediate Air System Cooling Volume Flow Rate,FinalSysSizing(AirLoopNum).AirPriLoopName,[m3/s],,FinalSysSizing(AirLoopNum).DesCoolVolFlow,SimAirServingZones.cc,4351
HeatExchanger:Desiccant:BalancedFlow:PerformanceDataType1,InternalVariable,,Air System Cooling Design Sensible Capacity,FinalSysSizing(AirLoopNum).AirPriLoopName,[W],,FinalSysSizing(AirLoopNum).SensCoolCap,SimAirServingZones.cc,4356
HeatExchanger:Desiccant:BalancedFlow:PerformanceDataType1,InternalVariable,,Air System Cooling Design Total Capacity,FinalSysSizing(AirLoopNum).AirPriLoopName,[W],,FinalSysSizing(AirLoopNum).TotCoolCap,SimAirServingZones.cc,4358
HeatExchanger:Desiccant:BalancedFlow:PerformanceDataType1,InternalVariable,,Air System Heating Design Sensible Capacity,FinalSysSizing(AirLoopNum).AirPriLoopName,[W],,FinalSysSizing(AirLoopNum).HeatCap,SimAirServingZones.cc,4360
HeatExchanger:Desiccant:BalancedFlow:PerformanceDataType1,InternalVariable,,Air System Preheating Design Sensible Capacity,FinalSysSizing(AirLoopNum).AirPriLoopName,[W],,FinalSysSizing(AirLoopNum).PreheatCap,SimAirServingZones.cc,4362
HeatExchanger:Desiccant:BalancedFlow:PerformanceDataType1,InternalVariable,,Air System Outdoor Air Design Volume Flow Rate,FinalSysSizing(AirLoopNum).AirPriLoopName,[m3/s],,FinalSysSizing(AirLoopNum).DesOutAirVolFlow,SimAirServingZones.cc,4365
HeatExchanger:Desiccant:BalancedFlow:PerformanceDataType1,InternalVariable,,Air System Cooling Design Mixed Air Temperature,FinalSysSizing(AirLoopNum).AirPriLoopName,[C],,FinalSysSizing(AirLoopNum).MixTempAtCoolPeak,SimAirServingZones.cc,4368
HeatExchanger:Desiccant:BalancedFlow:PerformanceDataType1,InternalVariable,,Air System Cooling Design Mixed Air Humidity Ratio,FinalSysSizing(AirLoopNum).AirPriLoopName,[kgWater/kgDryAir],,FinalSysSizing(AirLoopNum).MixHumRatAtCoolPeak,SimAirServingZones.cc,4370
HeatExchanger:Desiccant:BalancedFlow:PerformanceDataType1,InternalVariable,,Air System Cooling Design Return Air Temperature,FinalSysSizing(AirLoopNum).AirPriLoopName,[C],,FinalSysSizing(AirLoopNum).RetTempAtCoolPeak,SimAirServingZones.cc,4372
HeatExchanger:Desiccant:BalancedFlow:PerformanceDataType1,InternalVariable,,Air System Cooling Design Return Air Humidity Ratio,FinalSysSizing(AirLoopNum).AirPriLoopName,[kgWater/kgDryAir],,FinalSysSizing(AirLoopNum).RetHumRatAtCoolPeak,SimAirServingZones.cc,4374
HeatExchanger:Desiccant:BalancedFlow:PerformanceDataType1,InternalVariable,,Air System Cooling Design Outdoor Air Temperature,FinalSysSizing(AirLoopNum).AirPriLoopName,[C],,FinalSysSizing(AirLoopNum).OutTempAtCoolPeak,SimAirServingZones.cc,4376
HeatExchanger:Desiccant:BalancedFlow:PerformanceDataType1,InternalVariable,,Air System Cooling Design Outdoor Air Humidity Ratio,FinalSysSizing(AirLoopNum).AirPriLoopName,[kgWater/kgDryAir],,FinalSysSizing(AirLoopNum).OutHumRatAtCoolPeak,SimAirServingZones.cc,4378
HeatExchanger:Desiccant:BalancedFlow:PerformanceDataType1,InternalVariable,,Air System Heating Design Mixed Air Temperature,FinalSysSizing(AirLoopNum).AirPriLoopName,[C],,FinalSysSizing(AirLoopNum).HeatMixTemp,SimAirServingZones.cc,4381
HeatExchanger:Desiccant:BalancedFlow:PerformanceDataType1,InternalVariable,,Air System Heating Design Mixed Air Humidity Ratio,FinalSysSizing(AirLoopNum).AirPriLoopName,[kgWater/kgDryAir],,FinalSysSizing(AirLoopNum).HeatMixHumRat,SimAirServingZones.cc,4383
HeatExchanger:Desiccant:BalancedFlow:PerformanceDataType1,InternalVariable,,Air System Heating Design Return Air Temperature,FinalSysSizing(AirLoopNum).AirPriLoopName,[C],,FinalSysSizing(AirLoopNum).HeatRetTemp,SimAirServingZones.cc,4385
HeatExchanger:Desiccant:BalancedFlow:PerformanceDataType1,InternalVariable,,Air System Heating Design Return Air Humidity Ratio,FinalSysSizing(AirLoopNum).AirPriLoopName,[kgWater/kgDryAir],,FinalSysSizing(AirLoopNum).HeatRetHumRat,SimAirServingZones.cc,4387
HeatExchanger:Desiccant:BalancedFlow:PerformanceDataType1,InternalVariable,,Air System Heating Design Outdoor Air Temperature,FinalSysSizing(AirLoopNum).AirPriLoopName,[C],,FinalSysSizing(AirLoopNum).HeatOutTemp,SimAirServingZones.cc,4389
HeatExchanger:Desiccant:BalancedFlow:PerformanceDataType1,InternalVariable,,Air System Heating Design Outdoor Air Humidity Ratio,FinalSysSizing(AirLoopNum).AirPriLoopName,[kgWater/kgDryAir],,FinalSysSizing(AirLoopNum).HeatOutHumRat,SimAirServingZones.cc,4391
HeatExchanger:Desiccant:BalancedFlow:PerformanceDataType1,InternalVariable,,People Count Design Level,People(Loop).Name,[each],,People(Loop).NumberOfPeople,InternalHeatGains.cc,986
HeatExchanger:Desiccant:BalancedFlow:PerformanceDataType1,InternalVariable,,Lighting Power Design Level,Lights(Loop).Name,[W],,Lights(Loop).DesignLevel,InternalHeatGains.cc,1342
HeatExchanger:Desiccant:BalancedFlow:PerformanceDataType1,InternalVariable,,Plug and Process Power Design Level,ZoneElectric(Loop).Name,[W],,ZoneElectric(Loop).DesignLevel,InternalHeatGains.cc,1634
HeatExchanger:Desiccant:BalancedFlow:PerformanceDataType1,InternalVariable,,Gas Process Power Design Level,ZoneGas(Loop).Name,[W],,ZoneGas(Loop).DesignLevel,InternalHeatGains.cc,1916
HeatExchanger:Desiccant:BalancedFlow:PerformanceDataType1,InternalVariable,,Process District Heat Design Level,ZoneHWEq(Loop).Name,[W],,ZoneHWEq(Loop).DesignLevel,InternalHeatGains.cc,2174
HeatExchanger:Desiccant:BalancedFlow:PerformanceDataType1,InternalVariable,,Process Steam District Heat Design Level,ZoneSteamEq(Loop).Name,[W],,ZoneSteamEq(Loop).DesignLevel,InternalHeatGains.cc,2435
HeatExchanger:Desiccant:BalancedFlow:PerformanceDataType1,InternalVariable,,Other Equipment Design Level,ZoneOtherEq(Loop).Name,[W],,ZoneOtherEq(Loop).DesignLevel,InternalHeatGains.cc,2720
HeatExchanger:Desiccant:BalancedFlow:PerformanceDataType1,InternalVariable,,Simple Zone Baseboard Capacity At Low Temperature,ZoneBBHeat(Loop).Name,[W],,ZoneBBHeat(Loop).CapatLowTemperature,InternalHeatGains.cc,3311
HeatExchanger:Desiccant:BalancedFlow:PerformanceDataType1,InternalVariable,,Simple Zone Baseboard Capacity At High Temperature,ZoneBBHeat(Loop).Name,[W],,ZoneBBHeat(Loop).CapatHighTemperature,InternalHeatGains.cc,3313
LoadProfile:Plant,Actuator,Plant Load Profile,Mass Flow Rate,PlantProfile(ProfileNum).Name,[kg/s],PlantProfile(ProfileNum).EMSOverrideMassFlow,PlantProfile(ProfileNum).EMSMassFlowValue,PlantLoadProfile.cc,435
LoadProfile:Plant,Actuator,Plant Load Profile,Power,PlantProfile(ProfileNum).Name,[W],PlantProfile(ProfileNum).EMSOverridePower,PlantProfile(ProfileNum).EMSPowerValue,PlantLoadProfile.cc,437
MaterialProperty:VariableThermalConductivity,Actuator,Plant Equipment Operation,Distributed Load Rate,PlantLoop(LoopNum).OpScheme(SchemeNum).Name + ':' +PlantLoop(LoopNum).OpScheme(SchemeNum).EquipList(1).Comp(CompNum).Name,[W],lDummy,PlantLoop(LoopNum).OpScheme(SchemeNum).EquipList(1).Comp(CompNum).EMSActuatorDispatchedLoadValue,PlantCondLoopOperation.cc,1663
MaterialProperty:VariableThermalConductivity,Actuator,ActuatorName,ActuatorType,UniqueIDName,Units,PlantLoop(LoopNum).EMSCtrl,PlantLoop(LoopNum).EMSValue,PlantCondLoopOperation.cc,3201
MaterialProperty:VariableThermalConductivity,Actuator,ActuatorName,ActuatorType,UniqueIDName,Units,PlantLoop(LoopNum).LoopSide(SupplySide).EMSCtrl,PlantLoop(LoopNum).LoopSide(SupplySide).EMSValue,PlantCondLoopOperation.cc,3206
MaterialProperty:VariableThermalConductivity,Actuator,ActuatorName,ActuatorType,UniqueIDName,Units,PlantLoop(LoopNum).LoopSide(DemandSide).EMSCtrl,PlantLoop(LoopNum).LoopSide(DemandSide).EMSValue,PlantCondLoopOperation.cc,3212
MaterialProperty:VariableThermalConductivity,Actuator,ActuatorName,ActuatorType,UniqueIDName,Units,PlantLoop(LoopNum).LoopSide(LoopSideNum).Branch(BranchNum).EMSCtrlOverrideOn,PlantLoop(LoopNum).LoopSide(LoopSideNum).Branch(BranchNum).EMSCtrlOverrideValue,PlantCondLoopOperation.cc,3221
MaterialProperty:VariableThermalConductivity,Actuator,ActuatorName,ActuatorType,UniqueIDName,Units,PlantLoop(LoopNum).LoopSide(LoopSideNum).Branch(BranchNum).EMSCtrlOverrideOn,PlantLoop(LoopNum).LoopSide(LoopSideNum).Branch(BranchNum).EMSCtrlOverrideValue,PlantCondLoopOperation.cc,3228
MaterialProperty:VariableThermalConductivity,Actuator,ActuatorName,ActuatorType,UniqueIDName,[W],PlantLoop(LoopNum).LoopSide(LoopSideNum).Branch(BranchNum).Comp(CompNum).EMSLoadOverrideOn,PlantLoop(LoopNum).LoopSide(LoopSideNum).Branch(BranchNum).Comp(CompNum).EMSLoadOverrideValue,PlantCondLoopOperation.cc,3237
MaterialProperty:VariableThermalConductivity,InternalVariable,,Component Remaining Current Demand Rate,PlantLoop(LoopNum).OpScheme(SchemeNum).Name + ':' +PlantLoop(LoopNum).OpScheme(SchemeNum).EquipList(1).Comp(CompNum).Name,[W],,PlantLoop(LoopNum).OpScheme(SchemeNum).EquipList(1).Comp(CompNum).EMSIntVarRemainingLoadValue,PlantCondLoopOperation.cc,1668
MaterialProperty:VariableThermalConductivity,InternalVariable,,Supply Side Current Demand Rate,PlantLoop(LoopNum).OpScheme(SchemeNum).Name,[W],,PlantLoop(LoopNum).OpScheme(SchemeNum).EMSIntVarLoopDemandRate,PlantCondLoopOperation.cc,1697
Matrix:TwoDimension,Actuator,AirLoopHVAC:Unitary:Furnace:HeatOnly,Autosized Supply Air Flow Rate,Furnace(FurnaceNum).Name,[m3/s],Furnace(FurnaceNum).DesignFanVolFlowRateEMSOverrideOn,Furnace(FurnaceNum).DesignFanVolFlowRateEMSOverrideValue,Furnaces.cc,4300
Matrix:TwoDimension,Actuator,AirLoopHVAC:UnitaryHeatOnly,Autosized Supply Air Flow Rate,Furnace(FurnaceNum).Name,[m3/s],Furnace(FurnaceNum).DesignFanVolFlowRateEMSOverrideOn,Furnace(FurnaceNum).DesignFanVolFlowRateEMSOverrideValue,Furnaces.cc,4311
Matrix:TwoDimension,Actuator,AirLoopHVAC:Unitary:Furnace:HeatCool,Autosized Supply Air Flow Rate,Furnace(FurnaceNum).Name,[m3/s],Furnace(FurnaceNum).DesignFanVolFlowRateEMSOverrideOn,Furnace(FurnaceNum).DesignFanVolFlowRateEMSOverrideValue,Furnaces.cc,4325
Matrix:TwoDimension,Actuator,AirLoopHVAC:Unitary:Furnace:HeatCool,Autosized Supply Air Flow Rate During Cooling Operation,Furnace(FurnaceNum).Name,[m3/s],Furnace(FurnaceNum).MaxCoolAirVolFlowEMSOverrideOn,Furnace(FurnaceNum).MaxCoolAirVolFlowEMSOverrideValue,Furnaces.cc,4327
Matrix:TwoDimension,Actuator,AirLoopHVAC:Unitary:Furnace:HeatCool,Autosized Supply Air Flow Rate During Heating Operation,Furnace(FurnaceNum).Name,[m3/s],Furnace(FurnaceNum).MaxHeatAirVolFlowEMSOverrideOn,Furnace(FurnaceNum).MaxHeatAirVolFlowEMSOverrideValue,Furnaces.cc,4330
Matrix:TwoDimension,Actuator,AirLoopHVAC:Unitary:Furnace:HeatCool,Autosized Supply Air Flow Rate During No Heating or Cooling Operation,Furnace(FurnaceNum).Name,[m3/s],Furnace(FurnaceNum).MaxNoCoolHeatAirVolFlowEMSOverrideOn,Furnace(FurnaceNum).MaxNoCoolHeatAirVolFlowEMSOverrideValue,Furnaces.cc,4333
Matrix:TwoDimension,Actuator,AirLoopHVAC:UnitaryHeatCool,Autosized Supply Air Flow Rate,Furnace(FurnaceNum).Name,[m3/s],Furnace(FurnaceNum).DesignFanVolFlowRateEMSOverrideOn,Furnace(FurnaceNum).DesignFanVolFlowRateEMSOverrideValue,Furnaces.cc,4349
Matrix:TwoDimension,Actuator,AirLoopHVAC:UnitaryHeatCool,Autosized Supply Air Flow Rate During Cooling Operation,Furnace(FurnaceNum).Name,[m3/s],Furnace(FurnaceNum).MaxCoolAirVolFlowEMSOverrideOn,Furnace(FurnaceNum).MaxCoolAirVolFlowEMSOverrideValue,Furnaces.cc,4351
Matrix:TwoDimension,Actuator,AirLoopHVAC:UnitaryHeatCool,Autosized Supply Air Flow Rate During Heating Operation,Furnace(FurnaceNum).Name,[m3/s],Furnace(FurnaceNum).MaxHeatAirVolFlowEMSOverrideOn,Furnace(FurnaceNum).MaxHeatAirVolFlowEMSOverrideValue,Furnaces.cc,4353
Matrix:TwoDimension,Actuator,AirLoopHVAC:UnitaryHeatCool,Autosized Supply Air Flow Rate During No Heating or Cooling Operation,Furnace(FurnaceNum).Name,[m3/s],Furnace(FurnaceNum).MaxNoCoolHeatAirVolFlowEMSOverrideOn,Furnace(FurnaceNum).MaxNoCoolHeatAirVolFlowEMSOverrideValue,Furnaces.cc,4355
Matrix:TwoDimension,Actuator,AirLoopHVAC:UnitaryHeatPump:AirToAir,Autosized Supply Air Flow Rate,Furnace(FurnaceNum).Name,[m3/s],Furnace(FurnaceNum).DesignFanVolFlowRateEMSOverrideOn,Furnace(FurnaceNum).DesignFanVolFlowRateEMSOverrideValue,Furnaces.cc,4373
Matrix:TwoDimension,Actuator,AirLoopHVAC:UnitaryHeatPump:WaterToAir,Autosized Supply Air Flow Rate,Furnace(FurnaceNum).Name,[m3/s],Furnace(FurnaceNum).DesignFanVolFlowRateEMSOverrideOn,Furnace(FurnaceNum).DesignFanVolFlowRateEMSOverrideValue,Furnaces.cc,4396
Matrix:TwoDimension,Actuator,Unitary HVAC,Sensible Load Request,Furnace(FurnaceNum).Name,[W],Furnace(FurnaceNum).EMSOverrideSensZoneLoadRequest,Furnace(FurnaceNum).EMSSensibleZoneLoadValue,Furnaces.cc,4407
Matrix:TwoDimension,Actuator,Unitary HVAC,Moisture Load Request,Furnace(FurnaceNum).Name,[W],Furnace(FurnaceNum).EMSOverrideMoistZoneLoadRequest,Furnace(FurnaceNum).EMSMoistureZoneLoadValue,Furnaces.cc,4409
Matrix:TwoDimension,Actuator,Refrigeration:System,Minimum Condensing Temperature,System(RefrigSysNum).Name,[C],System(RefrigSysNum).EMSOverrideOnTCondenseMin,System(RefrigSysNum).EMSOverrideValueTCondenseMin,RefrigeratedCase.cc,5029
Matrix:TwoDimension,InternalVariable,,Unitary HVAC Design Heating Capacity,Furnace(FurnaceNum).Name,[W],,Furnace(FurnaceNum).DesignHeatingCapacity,Furnaces.cc,4403
Matrix:TwoDimension,InternalVariable,,Unitary HVAC Design Cooling Capacity,Furnace(FurnaceNum).Name,[W],,Furnace(FurnaceNum).DesignCoolingCapacity,Furnaces.cc,4405
Output:EnergyManagementSystem,Actuator,Sizing:Zone,Zone Design Heating Air Mass Flow Rate,CalcFinalZoneSizing(CtrlZoneNum).ZoneName,[kg/s],CalcFinalZoneSizing(CtrlZoneNum).EMSOverrideDesHeatMassOn,CalcFinalZoneSizing(CtrlZoneNum).EMSValueDesHeatMassFlow,ZoneEquipmentManager.cc,1545
Output:EnergyManagementSystem,Actuator,Sizing:Zone,Zone Design Cooling Air Mass Flow Rate,CalcFinalZoneSizing(CtrlZoneNum).ZoneName,[kg/s],CalcFinalZoneSizing(CtrlZoneNum).EMSOverrideDesCoolMassOn,CalcFinalZoneSizing(CtrlZoneNum).EMSValueDesCoolMassFlow,ZoneEquipmentManager.cc,1553
Output:EnergyManagementSystem,Actuator,Sizing:Zone,Zone Design Heating Load,CalcFinalZoneSizing(CtrlZoneNum).ZoneName,[W],CalcFinalZoneSizing(CtrlZoneNum).EMSOverrideDesHeatLoadOn,CalcFinalZoneSizing(CtrlZoneNum).EMSValueDesHeatLoad,ZoneEquipmentManager.cc,1561
Output:EnergyManagementSystem,Actuator,Sizing:Zone,Zone Design Cooling Load,CalcFinalZoneSizing(CtrlZoneNum).ZoneName,[W],CalcFinalZoneSizing(CtrlZoneNum).EMSOverrideDesCoolLoadOn,CalcFinalZoneSizing(CtrlZoneNum).EMSValueDesCoolLoad,ZoneEquipmentManager.cc,1569
Output:EnergyManagementSystem,Actuator,Sizing:Zone,Zone Design Heating Vol Flow,CalcFinalZoneSizing(CtrlZoneNum).ZoneName,[m3/s],CalcFinalZoneSizing(CtrlZoneNum).EMSOverrideDesHeatVolOn,CalcFinalZoneSizing(CtrlZoneNum).EMSValueDesHeatVolFlow,ZoneEquipmentManager.cc,1588
Output:EnergyManagementSystem,Actuator,Sizing:Zone,Zone Design Cooling Vol Flow,CalcFinalZoneSizing(CtrlZoneNum).ZoneName,[m3/s],CalcFinalZoneSizing(CtrlZoneNum).EMSOverrideDesCoolVolOn,CalcFinalZoneSizing(CtrlZoneNum).EMSValueDesCoolVolFlow,ZoneEquipmentManager.cc,1596
Output:EnergyManagementSystem,Actuator,Schedule:Year,Schedule Value,Schedule(LoopIndex).Name,[ ],Schedule(LoopIndex).EMSActuatedOn,Schedule(LoopIndex).EMSValue,ScheduleManager.cc,1199
Output:EnergyManagementSystem,Actuator,Schedule:Compact,Schedule Value,Schedule(SchNum).Name,[ ],Schedule(SchNum).EMSActuatedOn,Schedule(SchNum).EMSValue,ScheduleManager.cc,1474
Output:EnergyManagementSystem,Actuator,Schedule:File,Schedule Value,Schedule(SchNum).Name,[ ],Schedule(SchNum).EMSActuatedOn,Schedule(SchNum).EMSValue,ScheduleManager.cc,1863
Output:EnergyManagementSystem,Actuator,Schedule:Constant,Schedule Value,Schedule(SchNum).Name,[ ],Schedule(SchNum).EMSActuatedOn,Schedule(SchNum).EMSValue,ScheduleManager.cc,1966
Output:EnergyManagementSystem,Actuator,Fan,Fan Air Mass Flow Rate,name,[kg/s],m_eMSMaxMassFlowOverrideOn,m_eMSAirMassFlowValue,HVACFan.cc,548
Output:EnergyManagementSystem,Actuator,Fan,Fan Pressure Rise,name,[Pa],m_eMSFanPressureOverrideOn,m_eMSFanPressureValue,HVACFan.cc,550
Output:EnergyManagementSystem,Actuator,Fan,Fan Total Efficiency,name,[fraction],m_eMSFanEffOverrideOn,m_eMSFanEffValue,HVACFan.cc,552
Output:EnergyManagementSystem,Actuator,Fan,Fan Autosized Air Flow Rate,name,[m3/s],m_maxAirFlowRateEMSOverrideOn,m_maxAirFlowRateEMSOverrideValue,HVACFan.cc,553
Output:EnergyManagementSystem,InternalVariable,,Final Zone Design Heating Air Mass Flow Rate,FinalZoneSizing(CtrlZoneNum).ZoneName,[kg/s],,FinalZoneSizing(CtrlZoneNum).DesHeatMassFlow,ZoneEquipmentManager.cc,1541
Output:EnergyManagementSystem,InternalVariable,,Intermediate Zone Design Heating Air Mass Flow Rate,CalcFinalZoneSizing(CtrlZoneNum).ZoneName,[kg/s],,CalcFinalZoneSizing(CtrlZoneNum).DesHeatMassFlow,ZoneEquipmentManager.cc,1543
Output:EnergyManagementSystem,InternalVariable,,Final Zone Design Cooling Air Mass Flow Rate,FinalZoneSizing(CtrlZoneNum).ZoneName,[kg/s],,FinalZoneSizing(CtrlZoneNum).DesCoolMassFlow,ZoneEquipmentManager.cc,1549
Output:EnergyManagementSystem,InternalVariable,,Intermediate Zone Design Cooling Air Mass Flow Rate,CalcFinalZoneSizing(CtrlZoneNum).ZoneName,[kg/s],,CalcFinalZoneSizing(CtrlZoneNum).DesCoolMassFlow,ZoneEquipmentManager.cc,1551
Output:EnergyManagementSystem,InternalVariable,,Final Zone Design Heating Load,FinalZoneSizing(CtrlZoneNum).ZoneName,[W],,FinalZoneSizing(CtrlZoneNum).DesHeatLoad,ZoneEquipmentManager.cc,1557
Output:EnergyManagementSystem,InternalVariable,,Intermediate Zone Design Heating Load,CalcFinalZoneSizing(CtrlZoneNum).ZoneName,[W],,CalcFinalZoneSizing(CtrlZoneNum).DesHeatLoad,ZoneEquipmentManager.cc,1559
Output:EnergyManagementSystem,InternalVariable,,Final Zone Design Cooling Load,FinalZoneSizing(CtrlZoneNum).ZoneName,[W],,FinalZoneSizing(CtrlZoneNum).DesCoolLoad,ZoneEquipmentManager.cc,1565
Output:EnergyManagementSystem,InternalVariable,,Intermediate Zone Design Cooling Load,CalcFinalZoneSizing(CtrlZoneNum).ZoneName,[W],,CalcFinalZoneSizing(CtrlZoneNum).DesCoolLoad,ZoneEquipmentManager.cc,1567
Output:EnergyManagementSystem,InternalVariable,,Final Zone Design Heating Air Density,FinalZoneSizing(CtrlZoneNum).ZoneName,[kg/m3],,FinalZoneSizing(CtrlZoneNum).DesHeatDens,ZoneEquipmentManager.cc,1573
Output:EnergyManagementSystem,InternalVariable,,Intermediate Zone Design Heating Air Density,CalcFinalZoneSizing(CtrlZoneNum).ZoneName,[kg/m3],,CalcFinalZoneSizing(CtrlZoneNum).DesHeatDens,ZoneEquipmentManager.cc,1575
Output:EnergyManagementSystem,InternalVariable,,Final Zone Design Cooling Air Density,FinalZoneSizing(CtrlZoneNum).ZoneName,[kg/m3],,FinalZoneSizing(CtrlZoneNum).DesCoolDens,ZoneEquipmentManager.cc,1578
Output:EnergyManagementSystem,InternalVariable,,Intermediate Zone Design Cooling Air Density,CalcFinalZoneSizing(CtrlZoneNum).ZoneName,[kg/m3],,CalcFinalZoneSizing(CtrlZoneNum).DesCoolDens,ZoneEquipmentManager.cc,1580
Output:EnergyManagementSystem,InternalVariable,,Final Zone Design Heating Volume Flow,FinalZoneSizing(CtrlZoneNum).ZoneName,[m3/s],,FinalZoneSizing(CtrlZoneNum).DesHeatVolFlow,ZoneEquipmentManager.cc,1584
Output:EnergyManagementSystem,InternalVariable,,Intermediate Zone Design Heating Volume Flow,CalcFinalZoneSizing(CtrlZoneNum).ZoneName,[m3/s],,CalcFinalZoneSizing(CtrlZoneNum).DesHeatVolFlow,ZoneEquipmentManager.cc,1586
Output:EnergyManagementSystem,InternalVariable,,Final Zone Design Cooling Volume Flow,FinalZoneSizing(CtrlZoneNum).ZoneName,[m3/s],,FinalZoneSizing(CtrlZoneNum).DesCoolVolFlow,ZoneEquipmentManager.cc,1592
Output:EnergyManagementSystem,InternalVariable,,Intermediate Zone Design Cooling Volume Flow,CalcFinalZoneSizing(CtrlZoneNum).ZoneName,[m3/s],,CalcFinalZoneSizing(CtrlZoneNum).DesCoolVolFlow,ZoneEquipmentManager.cc,1594
Output:EnergyManagementSystem,InternalVariable,,Zone Outdoor Air Design Volume Flow Rate,CalcFinalZoneSizing(CtrlZoneNum).ZoneName,[m3/s],,CalcFinalZoneSizing(CtrlZoneNum).MinOA,ZoneEquipmentManager.cc,1602
Output:EnergyManagementSystem,InternalVariable,,Fan Maximum Mass Flow Rate,name,[kg/s],,m_maxAirMassFlowRate,HVACFan.cc,547
Output:EnergyManagementSystem,InternalVariable,,Fan Nominal Pressure Rise,name,[Pa],,deltaPress,HVACFan.cc,549
Output:EnergyManagementSystem,InternalVariable,,Fan Nominal Total Efficiency,name,[fraction],,m_fanTotalEff,HVACFan.cc,551
PlantComponent:TemperatureSource,Actuator,PlantComponent:TemperatureSource,Maximum Mass Flow Rate,WaterSource(SourceNum).Name,[kg/s],WaterSource(SourceNum).EMSOverrideOnMassFlowRateMax,WaterSource(SourceNum).EMSOverrideValueMassFlowRateMax,PlantComponentTemperatureSources.cc,295
PlantComponent:UserDefined,Actuator,Plant Connection  + LoopStr,Low Outlet Temperature Limit,UserPlantComp(CompLoop).Name,[C],lDummy,UserPlantComp(CompLoop).Loop(ConnectionLoop).LowOutTempLimit,UserDefinedComponents.cc,671
PlantComponent:UserDefined,Actuator,Plant Connection  + LoopStr,High Outlet Temperature Limit,UserPlantComp(CompLoop).Name,[C],lDummy,UserPlantComp(CompLoop).Loop(ConnectionLoop).HiOutTempLimit,UserDefinedComponents.cc,676
PlantComponent:UserDefined,Actuator,Plant Connection  + LoopStr,Outlet Temperature,UserPlantComp(CompLoop).Name,[C],lDummy,UserPlantComp(CompLoop).Loop(ConnectionLoop).OutletTemp,UserDefinedComponents.cc,732
PlantComponent:UserDefined,Actuator,Plant Connection  + LoopStr,Mass Flow Rate,UserPlantComp(CompLoop).Name,[kg/s],lDummy,UserPlantComp(CompLoop).Loop(ConnectionLoop).MassFlowRateRequest,UserDefinedComponents.cc,734
PlantComponent:UserDefined,Actuator,Plant Connection  + LoopStr,Minimum Mass Flow Rate,UserPlantComp(CompLoop).Name,[kg/s],lDummy,UserPlantComp(CompLoop).Loop(ConnectionLoop).MassFlowRateMin,UserDefinedComponents.cc,737
PlantComponent:UserDefined,Actuator,Plant Connection  + LoopStr,Maximum Mass Flow Rate,UserPlantComp(CompLoop).Name,[kg/s],lDummy,UserPlantComp(CompLoop).Loop(ConnectionLoop).MassFlowRateMax,UserDefinedComponents.cc,739
PlantComponent:UserDefined,Actuator,Plant Connection  + LoopStr,Design Volume Flow Rate,UserPlantComp(CompLoop).Name,[m3/s],lDummy,UserPlantComp(CompLoop).Loop(ConnectionLoop).DesignVolumeFlowRate,UserDefinedComponents.cc,741
PlantComponent:UserDefined,Actuator,Plant Connection  + LoopStr,Minimum Loading Capacity,UserPlantComp(CompLoop).Name,[W],lDummy,UserPlantComp(CompLoop).Loop(ConnectionLoop).MinLoad,UserDefinedComponents.cc,743
PlantComponent:UserDefined,Actuator,Plant Connection  + LoopStr,Maximum Loading Capacity,UserPlantComp(CompLoop).Name,[W],lDummy,UserPlantComp(CompLoop).Loop(ConnectionLoop).MaxLoad,UserDefinedComponents.cc,745
PlantComponent:UserDefined,Actuator,Plant Connection  + LoopStr,Optimal Loading Capacity,UserPlantComp(CompLoop).Name,[W],lDummy,UserPlantComp(CompLoop).Loop(ConnectionLoop).OptLoad,UserDefinedComponents.cc,747
PlantComponent:UserDefined,Actuator,Air Connection,Outlet Temperature,UserPlantComp(CompLoop).Name,[C],lDummy,UserPlantComp(CompLoop).Air.OutletTemp,UserDefinedComponents.cc,774
PlantComponent:UserDefined,Actuator,Air Connection,Outlet Humidity Ratio,UserPlantComp(CompLoop).Name,[kgWater/kgDryAir],lDummy,UserPlantComp(CompLoop).Air.OutletHumRat,UserDefinedComponents.cc,776
PlantComponent:UserDefined,Actuator,Air Connection,Mass Flow Rate,UserPlantComp(CompLoop).Name,[kg/s],lDummy,UserPlantComp(CompLoop).Air.OutletMassFlowRate,UserDefinedComponents.cc,778
PlantComponent:UserDefined,Actuator,Water System,Supplied Volume Flow Rate,UserPlantComp(CompLoop).Name,[m3/s],lDummy,UserPlantComp(CompLoop).Water.SupplyVdotRequest,UserDefinedComponents.cc,787
PlantComponent:UserDefined,Actuator,Water System,Collected Volume Flow Rate,UserPlantComp(CompLoop).Name,[m3/s],lDummy,UserPlantComp(CompLoop).Water.CollectedVdot,UserDefinedComponents.cc,795
PlantComponent:UserDefined,Actuator,Component Zone Internal Gain,Sensible Heat Gain Rate,UserPlantComp(CompLoop).Name,[W],lDummy,UserPlantComp(CompLoop).Zone.ConvectionGainRate,UserDefinedComponents.cc,814
PlantComponent:UserDefined,Actuator,Component Zone Internal Gain,Return Air Heat Sensible Gain Rate,UserPlantComp(CompLoop).Name,[W],lDummy,UserPlantComp(CompLoop).Zone.ReturnAirConvectionGainRate,UserDefinedComponents.cc,816
PlantComponent:UserDefined,Actuator,Component Zone Internal Gain,Thermal Radiation Heat Gain Rate,UserPlantComp(CompLoop).Name,[W],lDummy,UserPlantComp(CompLoop).Zone.ThermalRadiationGainRate,UserDefinedComponents.cc,818
PlantComponent:UserDefined,Actuator,Component Zone Internal Gain,Latent Heat Gain Rate,UserPlantComp(CompLoop).Name,[W],lDummy,UserPlantComp(CompLoop).Zone.LatentGainRate,UserDefinedComponents.cc,820
PlantComponent:UserDefined,Actuator,Component Zone Internal Gain,Return Air Latent Heat Gain Rate,UserPlantComp(CompLoop).Name,[W],lDummy,UserPlantComp(CompLoop).Zone.ReturnAirLatentGainRate,UserDefinedComponents.cc,822
PlantComponent:UserDefined,Actuator,Component Zone Internal Gain,Carbon Dioxide Gain Rate,UserPlantComp(CompLoop).Name,[W],lDummy,UserPlantComp(CompLoop).Zone.CarbonDioxideGainRate,UserDefinedComponents.cc,824
PlantComponent:UserDefined,Actuator,Component Zone Internal Gain,Gaseous Contaminant Gain Rate,UserPlantComp(CompLoop).Name,[W],lDummy,UserPlantComp(CompLoop).Zone.GenericContamGainRate,UserDefinedComponents.cc,826
PlantComponent:UserDefined,InternalVariable,,Inlet Temperature for Plant Connection  + LoopStr,UserPlantComp(CompLoop).Name,[C],,UserPlantComp(CompLoop).Loop(ConnectionLoop).InletTemp,UserDefinedComponents.cc,719
PlantComponent:UserDefined,InternalVariable,,Inlet Mass Flow Rate for Plant Connection  + LoopStr,UserPlantComp(CompLoop).Name,[kg/s],,UserPlantComp(CompLoop).Loop(ConnectionLoop).InletMassFlowRate,UserDefinedComponents.cc,721
PlantComponent:UserDefined,InternalVariable,,Load Request for Plant Connection  + LoopStr,UserPlantComp(CompLoop).Name,[W],,UserPlantComp(CompLoop).Loop(ConnectionLoop).MyLoad,UserDefinedComponents.cc,724
PlantComponent:UserDefined,InternalVariable,,Inlet Density for Plant Connection  + LoopStr,UserPlantComp(CompLoop).Name,[kg/m3],,UserPlantComp(CompLoop).Loop(ConnectionLoop).InletRho,UserDefinedComponents.cc,727
PlantComponent:UserDefined,InternalVariable,,Inlet Specific Heat for Plant Connection  + LoopStr,UserPlantComp(CompLoop).Name,[J/kg-C],,UserPlantComp(CompLoop).Loop(ConnectionLoop).InletCp,UserDefinedComponents.cc,729
PlantComponent:UserDefined,InternalVariable,,Inlet Temperature for Air Connection,UserPlantComp(CompLoop).Name,[C],,UserPlantComp(CompLoop).Air.InletTemp,UserDefinedComponents.cc,757
PlantComponent:UserDefined,InternalVariable,,Inlet Mass Flow Rate for Air Connection,UserPlantComp(CompLoop).Name,[kg/s],,UserPlantComp(CompLoop).Air.InletMassFlowRate,UserDefinedComponents.cc,759
PlantComponent:UserDefined,InternalVariable,,Inlet Humidity Ratio for Air Connection,UserPlantComp(CompLoop).Name,[kgWater/kgDryAir],,UserPlantComp(CompLoop).Air.InletHumRat,UserDefinedComponents.cc,761
PlantComponent:UserDefined,InternalVariable,,Inlet Density for Air Connection,UserPlantComp(CompLoop).Name,[kg/m3],,UserPlantComp(CompLoop).Air.InletRho,UserDefinedComponents.cc,763
PlantComponent:UserDefined,InternalVariable,,Inlet Specific Heat for Air Connection,UserPlantComp(CompLoop).Name,[J/kg-C],,UserPlantComp(CompLoop).Air.InletCp,UserDefinedComponents.cc,765
RoomAirModelType,Actuator,Hydronic Low Temp Radiant,Water Mass Flow Rate,HydrRadSys(Item).Name,[kg/s],HydrRadSys(Item).EMSOverrideOnWaterMdot,HydrRadSys(Item).EMSWaterMdotOverrideValue,LowTempRadiantSystem.cc,1444
RoomAirModelType,Actuator,Constant Flow Low Temp Radiant,Water Mass Flow Rate,CFloRadSys(Item).Name,[kg/s],CFloRadSys(Item).EMSOverrideOnWaterMdot,CFloRadSys(Item).EMSWaterMdotOverrideValue,LowTempRadiantSystem.cc,1491
RoomAirModelType,InternalVariable,,Hydronic Low Temp Radiant Design Water Volume Flow Rate for Heating,HydrRadSys(Item).Name,[m3/s],,HydrRadSys(Item).WaterVolFlowMaxHeat,LowTempRadiantSystem.cc,1440
RoomAirModelType,InternalVariable,,Hydronic Low Temp Radiant Design Water Volume Flow Rate for Cooling,HydrRadSys(Item).Name,[m3/s],,HydrRadSys(Item).WaterVolFlowMaxCool,LowTempRadiantSystem.cc,1442
RoomAirModelType,InternalVariable,,Constant Flow Low Temp Radiant Design Water Mass Flow Rate,CFloRadSys(Item).Name,[m3/s],,CFloRadSys(Item).WaterVolFlowMax,LowTempRadiantSystem.cc,1489
SetpointManager:CondenserEnteringReset:Ideal,Actuator,AirTerminal:SingleDuct:ConstantVolume:NoReheat,Mass Flow Rate,Sys(SysNum).SysName,[kg/s],Sys(SysNum).EMSOverrideAirFlow,Sys(SysNum).EMSMassFlowRateValue,SingleDuct.cc,1204
SetpointManager:CondenserEnteringReset:Ideal,InternalVariable,,AirTerminal:SingleDuct:ConstantVolume:NoReheat Maximum Mass Flow Rate,Sys(SysNum).SysName,[kg/s],,Sys(SysNum).AirMassFlowRateMax,SingleDuct.cc,1207
Site:SpectrumData,Actuator,Weather Data,Outdoor Dry Bulb,Environment,[C],EMSOutDryBulbOverrideOn,EMSOutDryBulbOverrideValue,WeatherManager.cc,880
Site:SpectrumData,Actuator,Weather Data,Outdoor Dew Point,Environment,[C],EMSOutDewPointTempOverrideOn,EMSOutDewPointTempOverrideValue,WeatherManager.cc,881
Site:SpectrumData,Actuator,Weather Data,Outdoor Relative Humidity,Environment,[%],EMSOutRelHumOverrideOn,EMSOutRelHumOverrideValue,WeatherManager.cc,883
Site:SpectrumData,Actuator,Weather Data,Diffuse Solar,Environment,[W/m2],EMSDifSolarRadOverrideOn,EMSDifSolarRadOverrideValue,WeatherManager.cc,885
Site:SpectrumData,Actuator,Weather Data,Direct Solar,Environment,[W/m2],EMSBeamSolarRadOverrideOn,EMSBeamSolarRadOverrideValue,WeatherManager.cc,886
Site:SpectrumData,Actuator,Weather Data,Wind Speed,Environment,[m/s],EMSWindSpeedOverrideOn,EMSWindSpeedOverrideValue,WeatherManager.cc,887
Site:SpectrumData,Actuator,Weather Data,Wind Direction,Environment,[deg],EMSWindDirOverrideOn,EMSWindDirOverrideValue,WeatherManager.cc,888
Sizing:Plant,InternalVariable,,Plant Design Volume Flow Rate,PlantSizData(PltSizIndex).PlantLoopName,[m3/s],,PlantSizData(PltSizIndex).DesVolFlowRate,SizingManager.cc,3693
SurfaceProperty:OtherSideConditionsModel,Actuator,Other Side Boundary Conditions,Convection Bulk Air Temperature,OSCM(OSCMNum).Name,[C],OSCM(OSCMNum).EMSOverrideOnTConv,OSCM(OSCMNum).EMSOverrideTConvValue,SurfaceGeometry.cc,9017
SurfaceProperty:OtherSideConditionsModel,Actuator,Other Side Boundary Conditions,Convection Heat Transfer Coefficient,OSCM(OSCMNum).Name,[W/m2-K],OSCM(OSCMNum).EMSOverrideOnHConv,OSCM(OSCMNum).EMSOverrideHConvValue,SurfaceGeometry.cc,9019
SurfaceProperty:OtherSideConditionsModel,Actuator,Other Side Boundary Conditions,Radiation Effective Temperature,OSCM(OSCMNum).Name,[C],OSCM(OSCMNum).EMSOverrideOnTRad,OSCM(OSCMNum).EMSOverrideTRadValue,SurfaceGeometry.cc,9021
SurfaceProperty:OtherSideConditionsModel,Actuator,Other Side Boundary Conditions,Radiation Linear Heat Transfer Coefficient,OSCM(OSCMNum).Name,[W/m2-K],OSCM(OSCMNum).EMSOverrideOnHrad,OSCM(OSCMNum).EMSOverrideHradValue,SurfaceGeometry.cc,9023
WindowMaterial:SimpleGlazingSystem,Actuator,Material,Surface Property Solar Absorptance,Material(MaterNum).Name,[ ],Material(MaterNum).AbsorpSolarEMSOverrideOn,Material(MaterNum).AbsorpSolarEMSOverride,HeatBalanceManager.cc,3605
WindowMaterial:SimpleGlazingSystem,Actuator,Material,Surface Property Thermal Absorptance,Material(MaterNum).Name,[ ],Material(MaterNum).AbsorpThermalEMSOverrideOn,Material(MaterNum).AbsorpThermalEMSOverride,HeatBalanceManager.cc,3607
WindowMaterial:SimpleGlazingSystem,Actuator,Material,Surface Property Visible Absorptance,Material(MaterNum).Name,[ ],Material(MaterNum).AbsorpVisibleEMSOverrideOn,Material(MaterNum).AbsorpVisibleEMSOverride,HeatBalanceManager.cc,3609
ZoneHVAC:ForcedAir:UserDefined,Actuator,Primary Air Connection,Inlet Mass Flow Rate,UserZoneAirHVAC(CompLoop).Name,[kg/s],lDummy,UserZoneAirHVAC(CompLoop).ZoneAir.InletMassFlowRate,UserDefinedComponents.cc,1095
ZoneHVAC:ForcedAir:UserDefined,Actuator,Primary Air Connection,Outlet Temperature,UserZoneAirHVAC(CompLoop).Name,[C],lDummy,UserZoneAirHVAC(CompLoop).ZoneAir.OutletTemp,UserDefinedComponents.cc,1100
ZoneHVAC:ForcedAir:UserDefined,Actuator,Primary Air Connection,Outlet Humidity Ratio,UserZoneAirHVAC(CompLoop).Name,[kgWater/kgDryAir],lDummy,UserZoneAirHVAC(CompLoop).ZoneAir.OutletHumRat,UserDefinedComponents.cc,1102
ZoneHVAC:ForcedAir:UserDefined,Actuator,Primary Air Connection,Outlet Mass Flow Rate,UserZoneAirHVAC(CompLoop).Name,[kg/s],lDummy,UserZoneAirHVAC(CompLoop).ZoneAir.OutletMassFlowRate,UserDefinedComponents.cc,1104
ZoneHVAC:ForcedAir:UserDefined,Actuator,Secondary Air Connection,Inlet Mass Flow Rate,UserZoneAirHVAC(CompLoop).Name,[kg/s],lDummy,UserZoneAirHVAC(CompLoop).SourceAir.InletMassFlowRate,UserDefinedComponents.cc,1121
ZoneHVAC:ForcedAir:UserDefined,Actuator,Secondary Air Connection,Outlet Temperature,UserZoneAirHVAC(CompLoop).Name,[C],lDummy,UserZoneAirHVAC(CompLoop).SourceAir.OutletTemp,UserDefinedComponents.cc,1129
ZoneHVAC:ForcedAir:UserDefined,Actuator,Secondary Air Connection,Outlet Humidity Ratio,UserZoneAirHVAC(CompLoop).Name,[kgWater/kgDryAir],lDummy,UserZoneAirHVAC(CompLoop).SourceAir.OutletHumRat,UserDefinedComponents.cc,1131
ZoneHVAC:ForcedAir:UserDefined,Actuator,Secondary Air Connection,Mass Flow Rate,UserZoneAirHVAC(CompLoop).Name,[kg/s],lDummy,UserZoneAirHVAC(CompLoop).SourceAir.OutletMassFlowRate,UserDefinedComponents.cc,1133
ZoneHVAC:ForcedAir:UserDefined,Actuator,Plant Connection  + LoopStr,Outlet Temperature,UserZoneAirHVAC(CompLoop).Name,[C],lDummy,UserZoneAirHVAC(CompLoop).Loop(ConnectionLoop).OutletTemp,UserDefinedComponents.cc,1169
ZoneHVAC:ForcedAir:UserDefined,Actuator,Plant Connection  + LoopStr,Mass Flow Rate,UserZoneAirHVAC(CompLoop).Name,[kg/s],lDummy,UserZoneAirHVAC(CompLoop).Loop(ConnectionLoop).MassFlowRateRequest,UserDefinedComponents.cc,1171
ZoneHVAC:ForcedAir:UserDefined,Actuator,Plant Connection  + LoopStr,Minimum Mass Flow Rate,UserZoneAirHVAC(CompLoop).Name,[kg/s],lDummy,UserZoneAirHVAC(CompLoop).Loop(ConnectionLoop).MassFlowRateMin,UserDefinedComponents.cc,1174
ZoneHVAC:ForcedAir:UserDefined,Actuator,Plant Connection  + LoopStr,Maximum Mass Flow Rate,UserZoneAirHVAC(CompLoop).Name,[kg/s],lDummy,UserZoneAirHVAC(CompLoop).Loop(ConnectionLoop).MassFlowRateMax,UserDefinedComponents.cc,1176
ZoneHVAC:ForcedAir:UserDefined,Actuator,Plant Connection  + LoopStr,Design Volume Flow Rate,UserZoneAirHVAC(CompLoop).Name,[m3/s],lDummy,UserZoneAirHVAC(CompLoop).Loop(ConnectionLoop).DesignVolumeFlowRate,UserDefinedComponents.cc,1178
ZoneHVAC:ForcedAir:UserDefined,Actuator,Water System,Supplied Volume Flow Rate,UserZoneAirHVAC(CompLoop).Name,[m3/s],lDummy,UserZoneAirHVAC(CompLoop).Water.SupplyVdotRequest,UserDefinedComponents.cc,1188
ZoneHVAC:ForcedAir:UserDefined,Actuator,Water System,Collected Volume Flow Rate,UserZoneAirHVAC(CompLoop).Name,[m3/s],lDummy,UserZoneAirHVAC(CompLoop).Water.CollectedVdot,UserDefinedComponents.cc,1197
ZoneHVAC:ForcedAir:UserDefined,Actuator,Component Zone Internal Gain,Sensible Heat Gain Rate,UserZoneAirHVAC(CompLoop).Name,[W],lDummy,UserZoneAirHVAC(CompLoop).Zone.ConvectionGainRate,UserDefinedComponents.cc,1216
ZoneHVAC:ForcedAir:UserDefined,Actuator,Component Zone Internal Gain,Return Air Heat Sensible Gain Rate,UserZoneAirHVAC(CompLoop).Name,[W],lDummy,UserZoneAirHVAC(CompLoop).Zone.ReturnAirConvectionGainRate,UserDefinedComponents.cc,1218
ZoneHVAC:ForcedAir:UserDefined,Actuator,Component Zone Internal Gain,Thermal Radiation Heat Gain Rate,UserZoneAirHVAC(CompLoop).Name,[W],lDummy,UserZoneAirHVAC(CompLoop).Zone.ThermalRadiationGainRate,UserDefinedComponents.cc,1220
ZoneHVAC:ForcedAir:UserDefined,Actuator,Component Zone Internal Gain,Latent Heat Gain Rate,UserZoneAirHVAC(CompLoop).Name,[W],lDummy,UserZoneAirHVAC(CompLoop).Zone.LatentGainRate,UserDefinedComponents.cc,1222
ZoneHVAC:ForcedAir:UserDefined,Actuator,Component Zone Internal Gain,Return Air Latent Heat Gain Rate,UserZoneAirHVAC(CompLoop).Name,[W],lDummy,UserZoneAirHVAC(CompLoop).Zone.ReturnAirLatentGainRate,UserDefinedComponents.cc,1224
ZoneHVAC:ForcedAir:UserDefined,Actuator,Component Zone Internal Gain,Carbon Dioxide Gain Rate,UserZoneAirHVAC(CompLoop).Name,[m3/s],lDummy,UserZoneAirHVAC(CompLoop).Zone.CarbonDioxideGainRate,UserDefinedComponents.cc,1226
ZoneHVAC:ForcedAir:UserDefined,Actuator,Component Zone Internal Gain,Gaseous Contaminant Gain Rate,UserZoneAirHVAC(CompLoop).Name,[m3/s],lDummy,UserZoneAirHVAC(CompLoop).Zone.GenericContamGainRate,UserDefinedComponents.cc,1228
ZoneHVAC:ForcedAir:UserDefined,InternalVariable,,Inlet Temperature for Primary Air Connection,UserZoneAirHVAC(CompLoop).Name,[C],,UserZoneAirHVAC(CompLoop).ZoneAir.InletTemp,UserDefinedComponents.cc,1077
ZoneHVAC:ForcedAir:UserDefined,InternalVariable,,Inlet Humidity Ratio for Primary Air Connection,UserZoneAirHVAC(CompLoop).Name,[kgWater/kgDryAir],,UserZoneAirHVAC(CompLoop).ZoneAir.InletHumRat,UserDefinedComponents.cc,1079
ZoneHVAC:ForcedAir:UserDefined,InternalVariable,,Inlet Density for Primary Air Connection,UserZoneAirHVAC(CompLoop).Name,[kg/m3],,UserZoneAirHVAC(CompLoop).ZoneAir.InletRho,UserDefinedComponents.cc,1081
ZoneHVAC:ForcedAir:UserDefined,InternalVariable,,Inlet Specific Heat for Primary Air Connection,UserZoneAirHVAC(CompLoop).Name,[J/kg-C],,UserZoneAirHVAC(CompLoop).ZoneAir.InletCp,UserDefinedComponents.cc,1083
ZoneHVAC:ForcedAir:UserDefined,InternalVariable,,Remaining Sensible Load to Heating Setpoint,UserZoneAirHVAC(CompLoop).Name,[W],,UserZoneAirHVAC(CompLoop).RemainingOutputToHeatingSP,UserDefinedComponents.cc,1086
ZoneHVAC:ForcedAir:UserDefined,InternalVariable,,Remaining Sensible Load to Cooling Setpoint,UserZoneAirHVAC(CompLoop).Name,[W],,UserZoneAirHVAC(CompLoop).RemainingOutputToCoolingSP,UserDefinedComponents.cc,1088
ZoneHVAC:ForcedAir:UserDefined,InternalVariable,,Remaining Latent Load to Humidifying Setpoint,UserZoneAirHVAC(CompLoop).Name,[kg/s],,UserZoneAirHVAC(CompLoop).RemainingOutputReqToHumidSP,UserDefinedComponents.cc,1090
ZoneHVAC:ForcedAir:UserDefined,InternalVariable,,Remaining Latent Load to Dehumidifying Setpoint,UserZoneAirHVAC(CompLoop).Name,[kg/s],,UserZoneAirHVAC(CompLoop).RemainingOutputReqToDehumidSP,UserDefinedComponents.cc,1092
ZoneHVAC:ForcedAir:UserDefined,InternalVariable,,Inlet Temperature for Secondary Air Connection,UserZoneAirHVAC(CompLoop).Name,[C],,UserZoneAirHVAC(CompLoop).SourceAir.InletTemp,UserDefinedComponents.cc,1112
ZoneHVAC:ForcedAir:UserDefined,InternalVariable,,Inlet Humidity Ratio for Secondary Air Connection,UserZoneAirHVAC(CompLoop).Name,[kgWater/kgDryAir],,UserZoneAirHVAC(CompLoop).SourceAir.InletHumRat,UserDefinedComponents.cc,1115
ZoneHVAC:ForcedAir:UserDefined,InternalVariable,,Inlet Density for Secondary Air Connection,UserZoneAirHVAC(CompLoop).Name,[kg/m3],,UserZoneAirHVAC(CompLoop).SourceAir.InletRho,UserDefinedComponents.cc,1117
ZoneHVAC:ForcedAir:UserDefined,InternalVariable,,Inlet Specific Heat for Secondary Air Connection,UserZoneAirHVAC(CompLoop).Name,[J/kg-C],,UserZoneAirHVAC(CompLoop).SourceAir.InletCp,UserDefinedComponents.cc,1119
ZoneHVAC:ForcedAir:UserDefined,InternalVariable,,Inlet Temperature for Plant Connection  + LoopStr,UserZoneAirHVAC(CompLoop).Name,[C],,UserZoneAirHVAC(CompLoop).Loop(ConnectionLoop).InletTemp,UserDefinedComponents.cc,1160
ZoneHVAC:ForcedAir:UserDefined,InternalVariable,,Inlet Mass Flow Rate for Plant Connection  + LoopStr,UserZoneAirHVAC(CompLoop).Name,[kg/s],,UserZoneAirHVAC(CompLoop).Loop(ConnectionLoop).InletMassFlowRate,UserDefinedComponents.cc,1162
ZoneHVAC:ForcedAir:UserDefined,InternalVariable,,Inlet Density for Plant Connection  + LoopStr,UserZoneAirHVAC(CompLoop).Name,[kg/m3],,UserZoneAirHVAC(CompLoop).Loop(ConnectionLoop).InletRho,UserDefinedComponents.cc,1164
ZoneHVAC:ForcedAir:UserDefined,InternalVariable,,Inlet Specific Heat for Plant Connection  + LoopStr,UserZoneAirHVAC(CompLoop).Name,[J/kg-C],,UserZoneAirHVAC(CompLoop).Loop(ConnectionLoop).InletCp,UserDefinedComponents.cc,1166
ZoneHVAC:IdealLoadsAirSystem,Actuator,Ideal Loads Air System,Air Mass Flow Rate,PurchAir(PurchAirNum).Name,[kg/s],PurchAir(PurchAirNum).EMSOverrideMdotOn,PurchAir(PurchAirNum).EMSValueMassFlowRate,PurchasedAirManager.cc,795
ZoneHVAC:IdealLoadsAirSystem,Actuator,Ideal Loads Air System,Outdoor Air Mass Flow Rate,PurchAir(PurchAirNum).Name,[kg/s],PurchAir(PurchAirNum).EMSOverrideOAMdotOn,PurchAir(PurchAirNum).EMSValueOAMassFlowRate,PurchasedAirManager.cc,797
ZoneHVAC:IdealLoadsAirSystem,Actuator,Ideal Loads Air System,Air Temperature,PurchAir(PurchAirNum).Name,[C],PurchAir(PurchAirNum).EMSOverrideSupplyTempOn,PurchAir(PurchAirNum).EMSValueSupplyTemp,PurchasedAirManager.cc,799
ZoneHVAC:IdealLoadsAirSystem,Actuator,Ideal Loads Air System,Air Humidity Ratio,PurchAir(PurchAirNum).Name,[kgWater/kgDryAir],PurchAir(PurchAirNum).EMSOverrideSupplyHumRatOn,PurchAir(PurchAirNum).EMSValueSupplyHumRat,PurchasedAirManager.cc,801
ZoneHVAC:TerminalUnit:VariableRefrigerantFlow,Actuator,Variable Refrigerant Flow Terminal Unit,Part Load Ratio,VRFTU(VRFNum).Name,[fraction],VRFTU(VRFNum).EMSOverridePartLoadFrac,VRFTU(VRFNum).EMSValueForPartLoadFrac,HVACVariableRefrigerantFlow.cc,4131
ZoneHVAC:TerminalUnit:VariableRefrigerantFlow,Actuator,Variable Refrigerant Flow Heat Pump,Operating Mode,VRF(NumCond).Name,[integer],VRF(NumCond).EMSOverrideHPOperatingMode,VRF(NumCond).EMSValueForHPOperatingMode,HVACVariableRefrigerantFlow.cc,4279
ZoneInfiltration:FlowCoefficient,Actuator,Zone Infiltration,Air Exchange Flow Rate,Infiltration(Loop).Name,[m3/s],Infiltration(Loop).EMSOverrideOn,Infiltration(Loop).EMSAirFlowRateValue,HeatBalanceAirManager.cc,1024
ZoneRefrigerationDoorMixing,Actuator,ZoneRefDoorMixing,Air Exchange Flow Rate,RefDoorMixing(ZoneNumA).Name,[m3/s],RefDoorMixing(ZoneNumA).EMSRefDoorMixingOn(ConnectionNumber),RefDoorMixing(ZoneNumA).EMSRefDoorFlowRate(ConnectionNumber),HeatBalanceAirManager.cc,2832
ZoneRefrigerationDoorMixing,Actuator,ZoneRefDoorMixing,Air Exchange Flow Rate,RefDoorMixing(ZoneNumB).Name,[m3/s],RefDoorMixing(ZoneNumA).EMSRefDoorMixingOn(ConnectionNumber),RefDoorMixing(ZoneNumA).EMSRefDoorFlowRate(ConnectionNumber),HeatBalanceAirManager.cc,2865
cPumpBank_ConSpeed,Actuator,Pump,Pump Mass Flow Rate,PumpEquip(PumpNum).Name,[kg/s],PumpEquip(PumpNum).EMSMassFlowOverrideOn,PumpEquip(PumpNum).EMSMassFlowValue,Pumps.cc,1034
cPumpBank_ConSpeed,Actuator,Pump,Pump Pressure Rise,PumpEquip(PumpNum).Name,[Pa],PumpEquip(PumpNum).EMSPressureOverrideOn,PumpEquip(PumpNum).EMSPressureOverrideValue,Pumps.cc,1036
cPumpBank_ConSpeed,InternalVariable,,Pump Maximum Mass Flow Rate,PumpEquip(PumpNum).Name,[kg/s],,PumpEquip(PumpNum).MassFlowRateMax,Pumps.cc,1033
moduleObjectType,Actuator,Electrical Storage,Power Draw Rate,name_,[W],eMSOverridePelFromStorage_,eMSValuePelFromStorage_,ElectricPowerServiceManager.cc,929
moduleObjectType,Actuator,Electrical Storage,Power Charge Rate,name_,[W],eMSOverridePelIntoStorage_,eMSValuePelIntoStorage_,ElectricPowerServiceManager.cc,930
moduleObjectType,Actuator,On-Site Generator Control,Requested Power,objectName,[W],eMSRequestOn,eMSPowerRequest,ElectricPowerServiceManager.cc,1958
moduleObjectType,InternalVariable,,Chiller Nominal Capacity,BLASTAbsorber(AbsorberNum).Name,[W],,BLASTAbsorber(AbsorberNum).NomCap,ChillerAbsorption.cc,556
moduleObjectType,InternalVariable,,Generator Nominal Maximum Power,objectName,[W],,maxPowerOut,ElectricPowerServiceManager.cc,1956
moduleObjectType,InternalVariable,,Generator Nominal Thermal To Electric Ratio,objectName,[ratio],,nominalThermElectRatio,ElectricPowerServiceManager.cc,1957
moduleObjectType,InternalVariable,,Electrical Storage Simple Maximum Capacity,name_,[J],,maxEnergyCapacity_,ElectricPowerServiceManager.cc,2878
moduleObjectType,InternalVariable,,Electrical Storage Battery Maximum Capacity,name_,[Ah],,maxAhCapacity_,ElectricPowerServiceManager.cc,2880
